{"cameraMode":{"drawMode":0,"name":"Shaded","section":"Shading Mode"},"sceneLighting":true,"audioPlay":false,"sceneViewState":{"showFog":true,"showMaterialUpdate":false,"showSkybox":true,"showFlares":true,"showImageEffects":true,"showParticleSystems":true},"in2DMode":false,"pivot":{"x":2.054349422454834,"y":-0.8703117370605469,"z":2.7252607345581056},"rotation":{"x":0.2856678068637848,"y":0.32226037979125979,"z":-0.10263711214065552,"w":0.896714985370636},"size":20.361019134521486,"orthographic":true}